欄位,第一籤,第二籤,第三籤,第四籤,第五籤,第六籤,第七籤,第八籤,第九籤,第十籤,第十一籤,第十二籤,第十三籤,第十四籤,第十五籤,第十六籤,第十七籤,第十八籤,第十九籤,第二十籤,第二十一籤,第二十二籤,第二十三籤,第二十四籤,第二十五籤,第二十六籤,第二十七籤,第二十八籤,第二十九籤,第三十籤,第三十一籤,第三十二籤,第三十三籤,第三十四籤,第三十五籤,第三十六籤,第三十七籤,第三十八籤,第三十九籤,第四十籤,第四十一籤,第四十二籤,第四十三籤,第四十四籤,第四十五籤,第四十六籤,第四十七籤,第四十八籤,第四十九籤,第五十籤,第五十一籤,第五十二籤,第五十三籤,第五十四籤,第五十五籤,第五十六籤,第五十七籤,第五十八籤,第五十九籤,第六十籤
籤號,第一籤,第二籤,第三籤,第四籤,第五籤,第六籤,第七籤,第八籤,第九籤,第十籤,第十一籤,第十二籤,第十三籤,第十四籤,第十五籤,第十六籤,第十七籤,第十八籤,第十九籤,第二十籤,第二十一籤,第二十二籤,第二十三籤,第二十四籤,第二十五籤,第二十六籤,第二十七籤,第二十八籤,第二十九籤,第三十籤,第三十一籤,第三十二籤,第三十三籤,第三十四籤,第三十五籤,第三十六籤,第三十七籤,第三十八籤,第三十九籤,第四十籤,第四十一籤,第四十二籤,第四十三籤,第四十四籤,第四十五籤,第四十六籤,第四十七籤,第四十八籤,第四十九籤,第五十籤,第五十一籤,第五十二籤,第五十三籤,第五十四籤,第五十五籤,第五十六籤,第五十七籤,第五十八籤,第五十九籤,第六十籤
干支,甲子,甲寅,甲辰,甲午,甲申,甲戌,乙丑,乙卯,乙巳,乙未,乙酉,乙亥,丙子,丙寅,丙辰,丙午,丙申,丙戌,丁丑,丁卯,丁巳,丁未,丁酉,丁亥,戊子,戊寅,戊辰,戊午,戊申,戊戌,己丑,己卯,己巳,己未,己酉,己亥,庚子,庚寅,庚辰,庚午,庚申,庚戌,辛丑,辛卯,辛巳,辛未,辛酉,辛亥,壬子,壬寅,壬辰,壬午,壬申,壬戌,癸丑,癸卯,癸巳,癸未,癸酉,癸亥
屬性與方位,屬木利在春天宜其東方,屬木利在春天宜在東方,屬木利在春天宜在東方,屬木利在春天宜其東方,屬木利在春天宜在東北方,屬木利在春天宜在東方,屬木利在春天宜在東方,屬木利在春天宜在東方,屬火利在夏天宜在南方,屬木利在東方宜在春天,屬木利在春天宜在東方,屬火利在夏天宜在南方,屬火利在夏天宜在南方,屬火利在夏天宜在南方,屬火利在夏天宜在南方,屬火利在夏天宜在南方,屬火利在夏天宜在南方,屬火利在夏天宜在南方,屬火利在夏天宜在南方,屬火利在夏天宜在南方,屬火利在南方宜在夏天,屬火利在南方宜在夏天,屬火利在南方宜在夏天,屬火利在南方宜在夏天,屬土利在中央宜在四方,屬土利在中央宜在四方,屬土利在中央宜在四方,屬土利在中央宜在四方,屬土利在中央宜在四方,屬土利在中央宜在四方,屬土利在中央宜在四方,屬土利在中央宜在四方,屬土利在中央宜在四方,屬土利在中央宜在四方,屬土利在中央宜在四方,屬金利在西方宜在秋天,屬金利在西方宜在秋天,屬金利在西方宜在秋天,屬金利在西方宜在秋天,屬金利在西方宜在秋天,屬金利在西方宜在秋天,屬金利在西方宜在秋天,屬金利在西方宜在秋天,屬金利在西方宜在秋天,屬金利在西方宜在秋天,屬金利在西方宜在秋天,屬金利在西方宜在秋天,屬金利在西方宜在秋天,屬水利在冬天宜在北方,屬水利在冬天宜在北方,屬水利在冬天宜在北方,屬水利在冬天宜在北方,屬水利在冬天宜在北方,屬水利在冬天宜在北方,屬水利在冬天宜在北方,屬水利在冬天宜在北方,屬水利在冬天宜在北方,屬水利在冬天宜在北方,屬水利在冬天宜在北方,屬水利在冬天宜在北方
詩句一,日出便見風雲散,於今此景正當時,勸君把定心莫虛,風恬浪靜可行舟,只恐前途命有變,風雲致雨落洋洋,雲開月出見分明,禾稻看看結成完,龍虎相隨在深山,花開結子一半枯,靈雞漸漸見分明,長江風浪漸漸靜,命中正逢羅孛關,財中漸漸見分明,八十原來是太公,不須作福不須求,舊恨重重未改為,君問中間此言因,富貴由命天註定,前途功名未得意,十方佛法有靈通,太公家業八十成,欲去長江水闊茫,月出光輝四海明,總是前途莫心勞,選出牡丹第一枝,君爾寬心且自由,於今莫作此當時,枯木可惜未逢春,漸漸看此月中和,綠柳蒼蒼正當時,龍虎相交在門前,欲去長江水闊茫,危險高山行過盡,此事何須用心機,福如東海壽如山,運逢得意身顯變,名顯有意在中間,意中若問神仙路,平生富貴成祿位,今行到手實難推,一重江水一重山,一年作事急如飛,客到前途多得利,花開今已結成果,功名得意與君顯,君爾何須問聖跡,陽世作事未和同,言語雖多不可從,佛前發誓無異心,東西南北不堪行,功名事業本由天,看君來問心中事,孤燈寂寂夜沉沉,須知進退總虛言,病中若得苦心勞,勸君把定心莫虛,蛇身意欲變成龍,有心作福莫遲疑,月出光輝本清吉
詩句二,光明清淨照世間,看看欲吐百花魁,天註衣祿自有餘,恰是中秋月一輪,勸君作急可宜先,天災時氣心有傷,不須進退問前程,此事必定兩相全,君爾何須背後看,可惜今年汝虛度,凡事且看子丑寅,于今得進可安寧,用盡心機總未休,花開花謝結子成,看看晚景遇文王,用盡心機總未休,家中禍患不臨身,看看祿馬拱前程,心高必然誤君期,只恐命內有交加,大難禍患不相同,月出光輝四海明,前途未遂運未通,前途祿位見太平,求神問聖枉是多,勸君折取莫遲疑,門庭清吉家無憂,虎落平陽被犬欺,如今還在暗中藏,過後須防未得高,任君此去作乾坤,此事必定兩相連,行船把定未遭風,莫嫌此路有重重,前途變怪自然知,君爾何須嘆苦難,君爾身中皆有益,不須祈禱心自安,勸爾且退望高樓,君家門戶定光輝,歌歌暢飲自徘徊,誰知此去路又難,君爾寬心莫遲疑,君爾何故兩相疑,富貴榮華終到老,前途富貴喜安然,自己心中皆有益,雲遮月色正朦朧,風雲靜處未行龍,且看前途得好音,前途此事正可當,不須掛念意懸懸,積善之家慶有餘,萬事清吉萬事成,看看發暗未必全,到底完全總未遭,前途清吉得運時,只恐命內運未通,求名清吉正當時,浮雲總是蔽陰色
詩句三,一向前途通大道,若能遇得春色到,和合重重常吉慶,凡事不須多憂慮,且守長江無大事,命內此事難和合,婚姻皆由天註定,回到家中寬心坐,不知此去相愛悞,漸漸日落西山去,雲開月出照天下,必有貴人相扶助,作福問神難得過,寬心且看月中桂,目下緊事休相問,陽世不知陰世事,須當謹防宜作福,求得貴人多得利,不然且回依舊路,兩家必定防損失,紅日當空常照耀,命內自然逢大吉,如今絲綸常在手,浮雲掃退終無事,但看雞犬日過後,世間若問相知處,財寶自然終吉利,世間凡事何難定,寬心且守風霜退,改變顏色前途去,花果結實無殘謝,黃金忽然變成鐵,戶內用心再作福,若見蘭桂漸漸發,看看此去得和合,命內自然逢大吉,一向前途無難事,看看早晚日過後,寬心且守寬心坐,此中必定無損失,雞犬相聞消息近,任他改求終不過,貴人還在千里外,雖是中間逢進退,君子小人相會合,若遇一輪明月照,於今且看月中旬,心中意欲前途去,暗中終得明消息,此物原來本是鐵,勸君把定莫煩惱,若問中間遲與速,運亨財子雙雙至,若逢陰中有善果,珠玉深藏還未變,去後不須回頭問,到底中間無大事,久病且作寬心坐,此事必能成會合,戶內用心再作福
詩句四,萬事清吉保平安,一洒清吉脫塵埃,時來終遇得明珠,福祿自有慶家門,命逢太白守身邊,更逢一足出外鄉,和合清吉萬事成,妻兒鼓舞樂團圓,他日與我卻無干,勸君不用向前途,郎君即便見太平,凶事脫出見太平,恰是行船上高灘,郎君即便見太平,勸君且守待運通,官法如爐不自由,龍蛇交會得和合,和合自有兩分明,雲開月出自分明,勸君且退莫咨嗟,還有貴人到家堂,茅屋中間百事亨,只恐魚水不相逢,可保禍患不臨身,不須作福事如何,萬事逢春正及時,凡事無傷不用求,千山萬水也遲疑,還君依舊作乾坤,凡事必定見重勞,福祿自有慶家門,何用作福問神仙,看看魚水得相逢,長蛇反轉變成龍,漸漸脫出見太平,祈保分明得平安,決意之中保清吉,即時得意在其間,必然遇得貴人扶,夫妻百歲喜相隨,婚姻夙世結成雙,是非終久未得安,音信月中漸漸知,月出光輝得運時,萬事清吉莫煩惱,十五團圓照滿天,凶事脫出化成吉,只恐前途運未通,君爾何須問重重,也能變化得成金,家門自有保安康,風雲際會在眼前,指日喜氣溢門閭,燒得好香達神明,心中但得枉徒然,心中事務盡消磨,又遇神仙守安居,言語雖多不可從,財寶自然喜相隨,當官分理便有益
歷史典故,包文拯審郭槐,薛交薛葵旁州遇採樓得綉球,崔文德胡鳳嬌到家空成姻婚,趙子龍重圍救阿斗,韓文公過秦嶺遇霜雪凍,劉智遠戰瓜精,尉遲恭掛帥,薛仁貴回家,龍虎相會,奉吟受災,高求楊戩當權,桃花女流勿太歲,三藏被紅孩兒燒,曹公賜雲長馬袍贈金銀,渭水河釣魚武吉挑柴打死人,李世民遊地府,薛公大鬧花燈跌死太子驚死聖駕,秦叔寶救李淵搬家,范丹妻未出身殺九夫,薛丁山著飛刀,朱壽昌辭官尋母,周文王為姜太公拖車,姜子牙為武吉掩卦,文良焦讚救宗寶,鳳嬌觀音寺行香求籤,薛丁山破收飛刀,崔文德請鳳嬌,石存孝遇李克明收為誼子,關雲長斬蔡陽,薛丁山三請樊梨花,董永皇都市仙女送孩兒,王翦入五雷陣,劉備入東吳進贅,曹操潼關遇馬超,吳漢殺妻為母救主,薛仁貴救駕,正德君戲鳳姐,三請孔明先生,孔夫子答小兒,三元會喜萬蔡坤賣書,掩雞拖木屐三伯探英台,姜女送寒衣哭倒萬里長城,三嬸報喜蘇琴回家假不及弟,洪益春留傘愛陳三,薛仁貴困白虎關父子不能相逢,江山立遇永祿君,李三娘井邊會偶才,蜻蜓誤入蜘蛛網,蘇小妹答佛印,小兒遇三煞,宋朝趙匡胤困河東,上帝公收龜蛇,蘇秦回家假不第,念月英求佛嫁良緣,玉堂春求佛嫁良緣,楊戩得病在西軒,龐涓孫臏學法,袁達入昭國關,五鼠精鬧宋朝,楊六使斬子
求財,先大進後小利,有如泉湧,後遇貴人下冬好,在家好出外凶,以待時來,無一事,有成,下半年好家利,無益,上半年空破財下半年五分過不畏,漸漸有收,好運得意,犯活鬼下年無,月光進漸暗少,晚即發,春夏好秋冬呆,必得勤儉,不多,守機作不可,不得,先無後有,先微後進,先失利後微利有時,少有,微利不吉,廣進財源,先輕後得,輕得,新業差舊業平,微利,用心即有,失利虧本,漸有,先凶後吉,遇呆人漸得利,萬黃金,漸有,輕,漸有,有進,難成酉戌日,無有無益,月半未過合時,淡淡,萬可得貴,平平,輕,輕無財,輕淡利,大吉,冬天大吉,浮沉,有利,先無後有,輕,空無,輕得,淡淡,利益好有,淡有
耕作,甚得利,春季如意,下冬好,有效,內有先後不足,無收,有收,下半年有收成,無收了工,平分五分,半收平平,平平,小收不利,收早成晚得有,無收,無收,平平小利,好,依舊待時,難收,晚平收早平,允好,不合微利時運,平正,只半好,早好下冬呆,早微晚冬好,早不好晚平平,無利半收,半年好後了工,好年冬,不可,有收成,平平有收,早平晚好,早晚有收,平有收,可以收,照舊收成,半年好半平下,平利,無收成,收獲小有,平平,允順,平正,中中,不吉,早好,晚好早平,早平晚好,平平,中平,允好,平平,平平,平平有收,中平,有收成,平平
經商,如意,大吉利市,先利後大財平,大吉利,先貴人後遇,散破耗財,大吉者成,有利必得,了錢,不好了錢,不到,大吉,失運,漸得,候時漸且,難就了錢,平平,大進利市,待時如意守舊,不就,先難後吉,有利利益,顛倒,無利,差舊業平新業,逢春發無窮,獲大利如意,呆人欺難如意,須守安命不可,經營不就,大發資財,了錢,待時安分,後有大財,不可,萬商雲集,新發日進,大有後財,先平後利,有成,遲有利,難成就有,先無後有,大吉市利,舊業俊發後呆,利市,利市,無財,夥不和無利,先平平後大吉,小利,萬商雲集,可圖利,勿與人合夥,了錢,辛勞多,小有成就,無利可求,先凶後吉,後來有得
歲君,清考,中和,安和,平安,平安,月令不吉,好,和氣,不吉,不順,順吉,破財月不吉,淡淡,中和,吉先平後,浮沉,淡淡,得利,照舊,坎坷,中和,順利,順利,中和,中和,順吉,淡淡,平平,平正,不遂,大吉,中和,平和,得宜未年,未年得宜,平安,平安,順利,淡安,平順,平和,浮沉,起倒,起倒,平和,吉,淡安,浮沉,浮沉,吉,吉,起倒,中平,淡,安,頗安,淡淡,平平,平和,犯方殺
六甲,春孕生男,生男貴氣,先男後女,先男後女,頭胎生女次生男,男高貴曉投枝,生女一定,先男後女,子媳虛,貴氣,先男貴氣,先男高貴,生男貴氣,先男後女富貴,生女後男,先男後女,先男後女,先男,先女後男貴,臨產危險,先男後女,生男,先男,生男,先男後女,生男後女,添得弄璋之喜,須防難產,先女後男,空孕勿躁,先女後男,防小產子息虛,先女後男,生男貴氣,男貴氣女,貴男氣女,貴男氣女,生男,男氣女貴,後生女男,先女後男,後生女男,先男後女,先男後女,先女後男,先男後女,年頭生女年尾生男,先男,生男,貴男氣女,貴男氣女,先男後女,先男後女,先男後女,先男後女,先女後男,先女後男,弄璋之喜,貴男氣女,先女後男
婚姻,允成,永諧伉儷,大吉,半和諧成月,多口舌不吉,不宜,月光成,大吉成必,不可,不可難成,終成,可合者吉成,難成貴人有成,成好,慢配成偶,不合有鬼作怪,大吉,大吉,由天註定,難合,難成,和合,難成,相合,平正,成者好,大吉,不吉,平平,不成,不好,不吉,大吉,晚成好,成大吉,大吉美滿,不好,成好,成好,美滿,偕老,無望,平平,中和,中和,偕老,正好,不好,口舌多難成,成者大吉,成好,成好,成好,大吉,不成,不可,大吉,不吉,成好,難得
家運,平安大吉,福祉茂盛,和氣得後祥瑞,大吉獲昌,先被邪後吉祥,必防有怪,漸漸平安,平安,難安有邪,難安,漸漸得春風居,漸漸平安,安可,平安,平平,有陰邪求神解決,安則居之,盈庭瑞氣,平安不佳住,作之災防邪怪,必得吉昌,安居春風,崎嶇不順,平安,宅舍難居,安居春風,可得興旺,恐人作怪風波,合家興旺,家庭難安,世世興旺,多口舌之災,門庭興旺,險後漸得吉慶,風波漸消,吉星拱照,居之平安,恭順,漸漸平安,五世其昌,漸得平安,不安,光輝門庭,左右平安,福利合享,安居樂業,小吉門庭,邪氣不安,平常,瑞氣滿門,門庭永昌,到處貴人,福祉禎祥,門庭興旺,先凶後吉,平常同居,平安神仙扶,不順,門庭增輝,小吉
失物,在東急尋能還,緊尋後覓得,月光在必得,月光在,謹尋即無遲在,運如逢此路難逢,月光在暗無任,速尋必在,難尋不可,難尋,子丑寅日尋在,遲難尋急在,未日在托日尋有,西方尋在,遲者無緊尋得,難得遲尋移運,已在辰在日,月光在,月光在不可,了工不得,可在,月光無暗在月,尋不見不可,月光在,成日在成日得,在東方緊尋,自回,難尋在,緩尋,平正,急尋可有,難尋損失,用心再尋小吉,必在尋有,難尋,尋在,難尋,必在尋得,尋在,必在,尋在,難尋,難尋,難尋,歸,月光有,尋有,尋無望,無,急尋在,尋有,難尋,尋獲,緊尋在,難尋,未日在,難尋得,尋不在,未日在,月光在
六畜,好,興旺大利,可納,興旺,不瑞,不佳,興旺,大吉,不可納,大吉,可吉,可納,不吉,大吉,小吉,不可納,納者可,可好,不可,不合,可納喜之,納有吉慶百寧,不可,可吉,不可,可納,興旺,不安,不可,不可,可納,損失,小吉,小吉,不可,興旺,適宜,可有利得,不可,有利可得,不可,不佳,緩好即日,可納,興旺,平平,平安,不可,不好,平安,有利,有利,平安,小利,無利了工,不可疾病,平平,了錢,平平,不了錢得利
築室,清吉光明,大吉,大吉,門庭興盛,大吉,犯凶星,月中好,居中,也慢可,有災星,好,慢即可,不可有災星,子孫其發,候時漸且,不可,有犯險邪可,盈庭祥氣,不可,完不得美,必有餘慶,百寧,佳不可,待日期,不美成者安,逢春大吉,喜得瑞氣盈門,不可,漸待春開,不安,好,必退敗,要待日後把定,漸發宅運遲,不可,福雙全子孫旺,清吉,平安得意,後好,壽命長富貴至,九月以後好,不吉,好,安樂可居,居之即安,得其所居,有合,不可決定,好,慢吉,平平,安可,可好,小吉,難得平安,不佳,平平,等待,吉,不合按
移居,得安,平平,得安,可慶,不好,且慢,不吉,大吉,不佳,不允,平安,平正,犯災星不可,吉,待時,不可,隨意,大吉,可,不可,大吉適宜,好,等待,可以,且慢,平平,慢即大吉,大不好,不吉,不可,適其所哉,大不好,中平,不可,南面得宜,兄弟和合者吉,好吉,有喜慶,平平,暫緩富貴,不可,午年不吉,不可,大吉,平平,好,正好,不好,不好,好,不可,平正,平安,好,不宜,不好,尚可,不可,好,不可
墳墓,地穴大吉,光前裕後,永裕後崑,瑞氣可得,得平佳先氣後,地運不佳,地勢盛美,地合有運,適當地勢,必遷,平安,地勢有合,地勢不吉,得其地大吉,遲必發,地勢不佳,平平小吉,福人福地,舊墳重興,地不合葬不吉,大吉後裕昆,有餘裕哉,不可,大吉,地勢不合,真龍正穴,地運進益,犯六十年緊移,必發地運後,地氣不佳,幸喜得其穴,漸失地氣,小吉地運,得其所哉,運不佳後能發,地勢妥當,得其所哉,佳地還發,地勢允好,齊美,平平,佳地不可移,地可得吉穴,發地漸財氣,世代簪纓,吉得地其,正當地勢,地氣不佳,地勢漸發吉,吉地吉穴,適地宜勢,允穴吉場,大吉,地氣亨通,地勢不吉,平平,如意地運,穴地平安,地運參差,地運呆後得吉
出外,平安,春夏好,向南方遇貴人,求財好事如意,下半年好,無貴人,滿路異香,不可,不可,不可,子丑寅日可行,有一大人貴人吉,不可,不可,慢日可行,防險,辰巳日可,有貴人相助,不可,無運不可,緩有貴人,平平運可通,不可,先少利得財可,微利不可經財,平安春滿載,先呆後好,被人欺,不可,不可出,大吉可進,不可犯災難,平平,平順,平正,平平大好,平平有利,必得利,遇貴人先小利,平安,東北方可得財好,不好,不利小有,一路順風,平平先無後有,有貴人好,先凶後吉,不可向前,不可,不可,不可,行遇主公,好,須靠自己,無貴人,在家待時,遇貴人提,未日成好,平安,不可
行船,有大財,有大財,漸得大財,風平,出外有風波災,不好,須當防先,得財,得失不美,謹慎無害,不可,大吉,失利不順,大月過圓吉,有事不如意,不如恐防,平平財輕,得財,平平,失利,大利無失,晚運可通,運途不佳,平經,不深吉微利可運恐防失,財利安,先平後大安,無利可圖,無利可得,了工了本,財發萬金,無利退卻,居中不可急,漸可得有利,先失後得,居中好大通得,可得利,得平利平,後小利,有利,和者吉無得財,可得利有,小利益有,有利大吉,先無後有,可利吉,春夏好,了無利,先凶後好,晚平早好,了本,可得利,大吉利,小利,了工無利,無利益,有財平平,不可小利,後吉,有小利
凡事,大吉昌,春天到,吉,大成吉者,待時機,待望,後成,和者得不和失,謹慎,拖尾難脫解難,作事不和了錢安,月光好,速結了錢拖,大吉和平,求解和,風波恐防災害陰公作,和無事,求和忍耐,被害理完人明,尾大合不利了錢,貴人扶大命險持,呆先吉後大得貴人,不佳和吉作不可,和平,不合和吉平作不可,春吉冬呆,允成有財不畏,後成吉,待時,了錢,不拖尾成,退卻,進退不可急,勤勞徐進,臨機應變,亨通得安,尾有錢拖安,守己安分,漸應,了錢拖尾,事成,過了錢得,月半過候時成,月光好,待人有禮,大吉利,先凶後好,被人害和者吉鬼作未日好,不和有鬼作祟,有公人求完吉,自守待運,慢成大吉,有貴人吉,清吉不用財,無利益,小心為要,心意定,難成,後吉,拖尾就
治病,未日痊安,老不好少平安,命不畏平安,近日痊癒,暗不光月好癒,邪作病險不及畏,女平少險男晚不畏老,老不好不畏少,運深危險辰日過不畏,月半安月尾死,大命不好子丑寅日抽成,老不痊月光好進行,未犯死必不畏,險月光過不畏,十日險求平安,必危有陰公作祟未日過不畏,求神漸吉庇佑辰未日過,痊癒,若不穩好月光,大命險未日好,貴人扶大命大險吉,少不畏老不好,漸好過了尾錢,求神陰邪平安作祟,祈神遲成戌亥畏有防,平安,得安,運犯劫被邪欺寅戌日過不畏,運暗逢春出運,險月半不癒重,破財遇良醫喜,少不好寅辰日不畏,拖尾破財不畏,老不平少漸安,鬼作祟後拖尾未日,老者畏少者不險,險不畏祈平安,痊癒平安好,少拖運老貴人,少不痊老安癒,日拖尾不畏成,病不畏日痊成,有貴人月半過,月光安運光彩,老不畏少惡運,少立癒老拖尾,二月不吉月半安,寅辰卯不畏,老不畏少不好,拖尾老平安,命拖尾老少安,三日過貴人好,拖尾不畏平安,不畏祈神拖尾,拖尾不好,先凶後吉,貴人平安,拖尾日抽,丑寅過不畏,拖尾痊癒
作事,難成成者大吉,春成美,二次成,有成,顛倒必凶前後吉,不成局,月光成,先難後得二次進,安分守己,難成,子丑寅日,有利,先難後得,決意成功,難成,退步,先難後易,和氣成有利,月光好,無成,人和大吉失散得,呆先吉後,遲緩得理,即成月光好,慢成,春可成,成功,難成,難成,難成,成功,難得成功,一定成功,漸成圓滿,辰未好成,成者甚好,口舌成有,早無利成,好到尾有貴人,難成功得,難成,難成,月半好,遲至成,月光好,成好,二次即成,難成日抽成未,未日成好辰日,難成,勤成,難成,成好,難成,難成,難成,成好,未好,成好,月光成
功名,望後有成,二次成秋進連中,後科連登尾有,祖宗光耀,必遇功德,難望,老無少有成,二次得進,不取,枉費難得,苦工好八月了,難得,費工進後得望,可喜,難就,難得,必中修陰德,有望,難得,無難進科運,望后科,晚進有可,授達,顯榮恐有變,未就,朱衣點頭,晚到,無,不就,難進,差人報喜,無望,望後科,有望,難進,祝神求佛可進,不好,真可喜,不好,高陞近得,無,不就,不就,必能得進,晚成大器,有,有,無,不可,無,後科,在即揚名,無,善心有,等後科,難望,努力可考中,未能進得,有可得,後科
官事,理斷分明,完局必得,不畏破財,破財求人解,宜和拖尾,拖尾了錢,完局破財,二次明了完錢,破財不可,防不好大了錢,三月完局吉人和,了錢求貴人,拖尾平安,破財明後完,求貴人和不吉,無結審局不和,不和凶和為吉貴,速和判公滿財,拖尾運犯命,恐防生防物破財,微殃脫有貴人,和合好,尾勝吉,冒險好有貴人,和不利平宜,必和,平安,大了錢被官欺,拖尾,枉費了錢,完局了錢,恐拖尾遇風災錢了,先凶後吉,難完局求貴人,命運蹉跎破財,了錢過後,破財結局,了錢,後有貴人吉,可了大錢安,勝局,不好,不畏,了錢月完局,拖尾難完局,破財完局,先凶後得宜,未可,平後拖尾錢,拖尾,萬和,有處理,緊審和好,和好,拖尾多口舌,拖尾,宜和解決,反覆,中和,不畏
家事,無事,進益,餘慶且喜,綿綿齊輝,有貴人團圓,相庭尾,吉冒險平安,完美進益,切要無會,恐防短壽,平好,光耀門閭,風波起門庭,吉吉平安,平平,恐防有變,不和凶和為吉貴,進財圓滿,和而貴一步慢,恐防孽生物,可賀恭喜門庭,門庭吉慶,門庭失運了錢,圓滿大進,平平,綿綿齊美,固圓且喜,恐防大害,平安,門有災險,瓜瓞綿綿,恐遇風災波及,門庭缺後待團圓,門戶進益,寬守即好,門庭光輝,克振家聲,門庭光益,吉可永獲,進益大吉,克振家聲,門庭不合,喜遇貴人,志氣大遠,瓜瓞綿綿,福祉其昌,門庭吉,不合,門第大益,進益家庭,門庭大益,家庭大吉,進益無窮大吉,保神成佑,逢凶口舌,小吉門庭,且喜進益,漸得,百福中祿,門庭平安
求兒,大吉,適宜,不畏,好,不佳,不可,好,吉,不可,不可,不可,吉,不吉,平正,不可,不可,不可,月明暗平好,慢有,不可無,好,平正上下弦,不可,好,不可,平平,不可,不可,不吉,不可且慢,好,不吉,且待後日,不可,不可,好,好吉,好,有事不可,好,不可,不雅,平正,不可,好有幾個,好,好,不可,不好有呆人,好大吉,平平,有好,大吉富貴,成好,不可,不吉,大吉,不可,你可得,慢即好
求雨,尚在,甲子日得有早八分,遇日自有,即到月末,即有朝夕,則久,尾有初無,月尾即有,未有自尚,即到朝夕,近日有,遠,近尋無有,月半有月尾無,不日到,不日到,初到尾,即不日到,未有,無,援到,上下弦,上下弦,未有,不日到乙丑不及人甲子,必到,居中,不日到,不可,不久,即時,不日到,緩有,不日到,不日到,及時,不日到,尚未,未有,下旬好,有,無大小,小許,未有,日有,月半到,未入,暴到,尚未,及時,不日到,多風雨少,月尾到,必來,未有,尚未,不日到,遠,不日到,不日到
年冬,月光在,允九分,八分,允收,平正,平平,,允收,,順好,,平平,,,,,,,,,,,,,,,,,,,,,,,,,,,,,,,,,,,,,,,,,,,,,,,,
來人,平常,南方,立即到,即到,遲後到,光即到,月中到,速到,未日到,月底間,近日到,近日到,難望,月尾到,月尾到,遲慢,未日到辰日,月光到,月頭有,未日到,立即到,月光到,未日到,月光到,戌日到,月光到,難在,,未日到,月光到,立即到,寅辰日在,辰未日到,即到,辰未日到,即到月光,立即到,後三日到,難在,月光到,戌日到,不到未來日,月光到,月半到,未日到,月半到,月光到,未日到,未日到,月光到,月光到,立即到,月光到,月尾到,未日到,未日到,未日到,己日到,未日到,月光到
解說,〔解說〕只要太陽一出來，一切就會風消雲散；只要光明一普照，世間便見清淨太平，前途是光明正大，只要努力前進，正是：「條條大路通羅馬。」只要你做事問心無愧，神明自會保佑你萬事清吉平安！ 抽到此籤，表示謀望難成，但是不可灰心，只要鍥而不捨，繼續追求，認真努力，自然有成功的一天。求財交易，利潤輕微。問功名，有志竟成。問婚姻，有情人終成眷屬。問訴訟，若蒙終獲平反。如係民事，以和為貴。 某公務員因案被停職，至某處媽祖廟抽得此籤，一看「日出便見風雲散，光明清淨照世間」句，心裡便很安慰，知道明鏡高懸，必得清白。果然，未久即獲法院平反，仍復原職。 又某生職考落第，心情徬徨，不知何去何從，有日此廟抽得此籤，廟祝勸其再接再勵，翌年聯考，果然金榜題名。 女人在春天懷孕會生男孩，事事大吉。,〔解說〕冬天到了，春天還會遠嗎？你不看看周圍的景色多美，那百花正在含苞待放嬌欲滴，只要那春光一到，立刻會有一番新氣象。正是：「春到碧桃枝上，花發滿城錦繡，鶯哥綠柳樓前，春生大地文章。」 抽得此籤，表示目前正是艱困時期，但如能突破，接著而來的，必是一番鴻圖大展。故謀事失敗，不要灰心，東山再起，必獲成功。問功名，希望不大，好好充實自己等待秋天再進。問婚姻，很有希望，好消息就到。問疾病，新春可癒。外出旅行，春天最好。遷移變動職位，目前不宜。求財交易，眼光須放遠，不可只求近利。 中部某工廠因受他廠倒閉影響，陷於週轉不靈，負責人焦慮至急，不知是否能度過難關，乃至天上聖母前問卜，抽得此籤。當時已屆隆冬，持籤來余處求解，乃勸慰他再艱苦奮鬥一段時間，過了年必可過關。果然，翌年春，因經濟復甦，景氣又熱，工廠生意興隆，乃安然渡過難關。正應了：「若能遇得春色到，一洒清吉脫塵埃。」 運到春天會較順利。,〔解說〕勸你不要再三心兩意了，姻緣天註定，是不能勉強的，所謂：「有緣千里來相會，無緣對面不相逢。」天作之合，佳偶天成，緣份一到，你一定會遇到你所追尋的「明珠」！ 抽得此籤，若問婚姻，乃告訴當事人「情」與「專」，自然「有情人終成眷屬」。問事業，告訴當事人要有「定性」，不可換來換去，所謂「十做九不成」，即使受了一次挫折，再接再勵，必獲成功。如果稍受挫折，就放棄不做，就永無成功之時。問求財，出外有利。問功名，尚需努力。問疾病，情況不穩。問移居，可得平安。 有某對男女，情投意合，因相差六歲，女方家長迷信俗忌，不肯答應親事，僵持兩年，不能成好事。後來，男方家長逼其子另娶，其子因愛其女友，不肯就範。乃至媽祖廟求得此籤，一看：「勸君把定心莫虛」句，乃更加堅定立場，終於感動女方家長，有情人終成眷屬。,〔解說〕風平浪靜，船行一帆風順，正像中秋明月，圓滿皎潔，凡事不必多憂慮，福祿必求，時來運轉，自然喜慶滿門。 這是一首很幸運的籤詩，表示一切順調人意，圓滿達成。如果是一位應考的人，抽得此籤，是金榜題名的好兆。 這首籤詩除了表示功名有望，福祿全外，如問訴訟，表示得直。如問疾病，可以痊癒。如問婚姻，表示美滿。如問移居，一切安好。 友人某，秋季赴考，抽得此籤，果然，考場得意，連中留學考與高考。 又某人欲與人合夥經營餐廳，抽得此籤，至余處求解。因時值仲夏，天氣酷熱，乃想到「中秋月一輪」句，乃秋金之像，而仲夏屬火，火剋金，而餐廳業亦屬火，籤詩意義雖佳，恐另有他意。只好囑其慎重考慮。該餐廳開業不久，果然裝潢開支過多，股東意見不合而關閉，故此籤對求財，有畫餅之意，好看而不中吃，須慎之。 不管做任何事有驚無險。,〔解說〕只恐怕前去途中明明有變故，勸你莫著急。做事既然搶不著先機，就暫時守住長江看看，命裡有太白金星保佑，自然不會有什麼大事發生。 這首籤詩暗示，做事要有先見之明，如果有時機錯過了，就不宜妄動。譬如開工廠，當景氣好時，你才開始設廠，等你開始生產時，景氣已經衰退，你就吃虧了。 抽到此籤，表示求謀不宜過急，所謂欲速不達，且需等待時機。問婚姻，對方可能有意中人，成功希望不大。如果問訴訟，則和解為宜。問疾病，則宜多禱告神明保佑。應考功名，有希望，但不可心躁。求財平平，做事業宜按步就班，不可好高騖遠，才不致失敗。問遷移或變動職位，不好。總之，不妄動，再正心修德，自然安泰。 六十二年初，曾有某工廠董事長來訪，出示此籤，謂某媽祖廟所抽，乃求解答可否增設新廠。余曰：「此籤有『且守長江無大事』句，神明要你固守，不宜另設新廠」但因景氣過熱，經不住他人慫恿，乃又增設一新廠，結果遇到景氣衰退，工廠只好停工。 做任何事要忍耐，後來有轉機。,〔解說〕風雲招來暴雨，一片汪洋，天災氣候造成了傷害。一個人命裡無時莫強求，既然沒有和合的希望，就不必再出外奔跑了。 這首籤詩，告示當事人：「命裏有時終須有，命裏無時莫強求。」強求也是沒有用的。就像那不測風雲造成的天災，乃是一種不可抗力的災害，是莫可奈何的呀！ 這首籤詩，如果是占問合夥，乃不吉之兆。因詩中有「命內此事難和合」之句。據友人張君說，他與人合夥設立工廠時，曾到媽祖廟抽得此籤，當時曾想作罷，後因籌備已久，所費不少，勉強湊合。後來該工廠合夥人，竟將該廠帳款拐逃國外，正應了「更逢一足出外鄉」之句。 抽到此籤，問求財，不吉，無利可圖。問婚姻，莫強求，宜另找對象。問謀望，只要平心靜氣，順其自然，莫要強求，自然禍去福來。問訴訟，宜和解，莫信讒言。問遷移和變動職位，不可妄動。 不可以他人合夥做生意，在東方有好兄弟作弄，房屋在東邊有倒房問題。,〔解說〕雲開月出，大放光明，不需再問進退，可以直接奔向前程。婚姻都是上天註定好的，只要是天作之合，一定美滿成功！ 抽到此籤，如果是問運途，可以說是「否極泰來」，過去的烏雲已經散開了，被遮的月亮重放光明，即壞運已經過去了，現在已邁入好運了。如果問婚姻，表示佳偶天成，有情人終成眷屬。 此籤問做事，可以成功。問求財，開始見利。問出外移居，則不利。問疾病，則有驚無險。問訴訟，和解可無事。 某君欲移居國外，抽得此籤，不知可否，乃至余處請解。余曰：「此籤所示，恐去不成！」蓋籤詩中有「不須進退」句。果因簽證問題未能去成。後來因結識外國女友而去國，乃應了「婚姻皆由天注定，和合清吉萬事成」句。而第一次出國申請未成，係因資格問題，而第二次婚姻關係而成功，也正應了「不須進退」「向向前程」與「雲開月出」「正分明」句。 運已走到極點，往後較順利。,〔解說〕看到田裡結成了稻穗，知道今年又豐收了。辛勤的耕耘，必有豐盛的收穫，這事是兩相關的呀！看到好的收成，心中多高興回到家裏來，跟妻兒們同在一起，快快樂樂地跳舞一番！ 這首籤詩是一首好籤，表示有一分耕耘，終有一分收穫。俗云：「大富由天，小富由勤儉。」昔日的流汗，今天總看到豐滿的收成了，但如果沒有昔日的流汗，那有今天的收成呢？ 抽到此籤，大抵先苦後甘，先否後泰。如果是問婚姻，表示有情人終成眷屬。問事業，要腳踏實地去做，不可做投機，投機必失敗。問功名，如果在秋天，有希望。如果在冬天，須待明年，再充實自己。 身體有缺點，請看醫師，老人不佳。,〔解說〕你我好比龍虎鬥，卻一起在那深山裏，沒有任何顧慮，卻不知這種相愛，乃是一種錯誤的決定，恐怕他日，會變成你我無干的局面！ 這首籤詩暗示當事人，如果兩個志趣不合的人，勉強湊合，一定無法持久。所以如果問婚姻，是難偕白頭之兆。問合夥生意，最後會拆夥，而且恐怕會鬧得不愉快。問謀事，因為競爭的人太多，恐怕難遂意。問求財，問功名，都是一樣，很難。移居，出外旅行，變動職位，都不吉，宜靜守，不宜妄動。 曾有一對熱戀中男女持此籤來問，何時可以結婚？余曰：「此籤因有『龍虎相隨在深山』句，說明你們已經同居了，隨時都可以補辦結婚手續，不過，婚姻不能兒戲，要彼此真正互相了解，才能白頭偕老，有什麼事，能夠彼此互相忍讓，才能永結同心！」不久聽說未辦結婚就已分開了。因為「龍虎」相隨，如果不能相互忍讓，就會「龍虎」相鬥。他倆不能領會我的話意，結果只有應了籤詩所說：「不知此去相愛悞，他日與我卻無干！」 病體有問題請看醫生及檢查，今年帶血光注意行車安全。,〔解說〕開花結果，卻是一半落空，收穫不多，可惜你今年的光陰算是虛度了。太陽漸漸向西山落去，俗云：「太陽雖好近黃昏」，勸你呀，看開一點吧，還是不要再奔波了！ 這首籤詩暗示當事人徒勞無功，雖然過去有過一段輝煌日子，但結果成就卻不多，有一半以上虛擲光陰了。所以籤詩勸他，還是腳踏實地，做些實在的事，何必去空忙一場呢？ 抽到此籤，問外出，正如籤詩所說，空勞往返，所以不吉。問婚姻，因籤有「結子一半枯，今年汝虛度」之句，恐怕難成。移居變動職位，均不吉。 有一考生，在校成績均名列前茅，頗自負，故聯考填志願時，僅填第一志願一處，餘均放棄。考試過後頗後悔，抽得此籤，自知該年沒希望，後果名落孫山。正應了「可惜今年汝虛度」句。 東男有風水及厝宅失氣脈，身體有受驚所引起失落元神。,〔解說〕靈雞一啼，天漸漸亮了，凡事就看明天吧！雲開月出，光照天下，你便可看到太平景象了！ 這首籤詩的寓意是，黑夜過去了，雞一啼，黎明就接著來了。一個人一生不會都走霉運的當那時來運轉，正如「雲開見月」，會有一番新氣象出現的！ 抽到此籤，如問做事求財，可以說漸漸有希望了。靈雞（酉）可以當做八月解釋，就是說八月以後，漸漸有希望了。子、丑、寅可以當做年底（十一月、十二月）和明年初（正月）解（當然也可以當做子、丑、寅日解）。 這首籤詩是苦盡甘來之兆，所以問功名，表示你十年寒窗，有出頭的日子了。問婚姻，表示有情人終成眷屬。移居平安，出外可行。 各種事業方面不順，運途在春出運。,〔解說〕長江的風浪漸漸平靜了，現在船隻可以前進，並且可以安寧無事了。只要積極前進，一定會有貴人相助，即使遇到困境，也能逢凶化吉，化險為夷！ 抽得此籤，先凶後吉，逢凶化吉之兆。如有困難，現在慢慢可以化解，不必憂慮，否極泰來，風浪終會過去的。一生多貴人助，所以常能逢凶化吉，移居出外旅行，均吉。如問訴訟，可逢貴人而化平安。問功名，有貴人提拔之兆。問婚姻，只要媒人出面，婚談可成。 某君失業已久，窮極潦倒，一日赴媽祖廟，抽得此籤，信心大增，努力充實自己，正有某公司徵求外務員，乃前往應徵，即被錄取。後來躍升該公司經理，履提此籤給他鼓勵甚大。 運途交春出運，但有貴人扶助，一切順利，身體有毛病也會轉好。,〔解說〕命中正遇到「羅孛」凶星的關頭，雖然你用盡心機也避免不了，就是問神祈福，還是躲不過去，正像行船遇到沙灘，進退不得。 抽得此籤，表示你正在進退維谷的時候。問出外移居，不吉。老年人抽得此籤，表示一生空費心機，老來已無甚希望。若年青人抽得此籤，不必難過，正是考驗你的時候。只要你能克服困難，自有一光明的前程。 問功名，還要充實自己，目前希望不大。問姻緣，緣份未到恐難成，不宜勉強。問疾病，需謹慎醫治，少年人尚無礙，若老年人，則恐有問題。 曾有一老人久病不癒，其子至媽祖廟許願祈求保佑，抽得此籤，未多久，老人病逝，正應了第三句「作福問神難得過」。 事業、身體在南方遇到凶神做祟，進退兩難。,〔解說〕財運來臨漸漸顯明，正像花開花謝後，結成滿樹的果實。不必焦急，且寬心等待中秋節來到，你所等待的郎君將來與你共渡那太平愜意的日子！ 至友李君出國久無音訊，其夫人至媽祖廟抽得此籤，不久，在中秋前夕李君至國外歸來，正應了第三、四句，傳為奇談。 抽到此籤，如問事業，表示你的事業已有轉機，你的財運也將慢慢到來，即使目前財利不顯，但只要耕耘，必有收穫。只怕不肯用心，隨世浮沉，就像那花開花謝，月亮盈虧，得失相伴。問功名，也是一樣，如果不去充實自己，只想碰運氣，是難得有成就的。問婚姻，有情人終成眷屬之兆，婚談可成。問訴訟，只要出於至誠，必能平安無事，能破財消災，是為上策，意氣之爭，得不償失。 如有身體不適應速看醫生，後豐年就會有好結果。,〔解說〕姜太公到八十歲，仍然懷才不遇，只好在渭水河釣魚等待時機，一直等到文王聽到他的賢名，來拜訪他，才時來運轉，受到文王的重用。你目前的情況，跟太公的遭遇一樣，請不必問，還是勸你學學姜太公的作法，且等待那運氣亨通時。 抽到此籤，表示目前做事，總不如意。但別灰心，這不是因你不努力，而是時機未到。目前，最重要的是要充實你自己，只要真才實幹，必有重用你的時後，決不會被埋沒的！問功名，不必急尋，你是屬於大器晚成型。問移居或是職位變動，還不是時機，一動不如一靜。出外旅行，無利可圖。問訴訟，以和為貴。問婚姻，多屬晚婚，應下定決心，婚談可成。 據聞中部有某小飯館，取名「後時機」，乃因主人至媽祖廟抽得此籤，知道自己時運未到，暫時做做小生意，以待時機，故店號乃取「後時機」，以表其志。 身體有毛病慢慢會轉好，事業不可勉強，等後時機來到，後來有貴人。,〔解說〕福份，不須去尋求，也不須去製造。你儘管用盡心機去追求，結果還是失望，休想得到。因為陽世裏的人不知陰間裏善惡果報的事，而你的福報乃是你前世為善的因果。一個人在陽世所作為，到了陰間都要接受審判。作惡多端的人，需要下地獄接受苦刑，任不得你自由。 這首籤詩提示得籤的人，一切運氣的好壞，不是你可以祈求製造，乃是上天的安排，用以報償你的心田好壞。所謂：「積善之家必有餘慶，積惡之家必有餘殃。」「善有善報，惡有惡報，不是不報，時日未到。」因此如果你目前未得好報，做事營謀未能遂意，求財沒有得到，不必強求，也不必怨嘆，只要多努力，積善因終必感動上天，賜給你好運氣。 問目前運途，浮不定。問功名，難有進展。問婚姻，緣份未到，婚談難成。問移居出外，均不吉，一動不如一靜。問訴訟，需修心，不可意氣用事，得饒人處且饒人，總以能和為貴。 自己公媽在陰間有困難，病著犯官符，不安應速處理。,〔解說〕回憶往事，心頭舊恨重重未消除，正如家中發生災禍，雖然沒有臨到本身，但此恨綿綿無盡期。你需要謹慎提防再有事故發生，最好多做好事，只要有善因，必能逢凶化吉，而且在辰巳交會的時刻，得到很圓滿的結果。 此籤暗示抽籤的人，即使經歷了無數次失敗，無數次的辛酸，無數次的恨事，但不必去記掛它，還是東山再起，再振作努力去幹，必有出人頭地的一天。此籤有貴人，但必須心田好，所以籤詩說：「須當謹防宜作福。」只要心地良好，必能逢凶化吉，化險為夷，並得天賦福運。 問功名，只要充份準備，即使一次挫折，算不了什麼，再次必勝。問婚姻，緣份已到，婚談可成。外出不吉，無利可圖。移居，隨意可行。 南方有姻親問題，因果嚴重應處理，到秋天暫出運。,〔解說〕如果你要問這中間的因果，請看看「祿馬貴人」幫助你前程的發展，就可領悟。如果你能得到「貴人」的幫助，自然一切順利，一切都能圓滿和合。 抽到此籤，表示你這個人心田好，善心自有善報，做事求財，自然會「有貴人」幫助你，使你成功。問功名，這是大吉之兆，可以積極去發揮，表現你的才能，你未來的前程光明遠大，自在話下。 問婚姻，是佳偶天成的好預兆，婚談可成，有情人終成眷屬，可喜可賀！移居、出外、職位變動，均吉。此籤惟問疾病，不吉，須有「貴人」出現，才有痊癒的希望。 友人李某，四十未娶，親友常勸其成家，或熱心作媒，均不成功。一次，李君赴媽祖廟抽得此籤，果然於戊午年獲得良緣，乃一富家女。正應了「祿（富）馬（午年）拱前程」句。 一切求公媽保底，才有好的結果。,〔解說〕俗云：「生死由命，富貴在天！」一個人的窮通禍福，富貴貧賤，都是上天安排、命裏註定的，所謂：「命裏有時終須有，命裏無時莫強求。」如果你期望太高，必定會大失望，而且耽誤你的佳期。既然新路走不通，何不回頭走走舊路，說不定還能雲開月出，見到光明的前途哩！ 一個人，當然需要有開創局面的雄心，但野心太大，超過了本身的努力，只想好大喜功，反會招致失敗的。還有「謀事在人，成事在天。」同樣的才能，同樣的努力，並不一定就有同樣的成功，這裏面當然有「命」「運」的因素在作祟，所以，明理的人不要太奢求！「條條道路通羅馬。」成功並不一定都要開創新路，前人走過的舊路，有時你也可以跟著上去，一樣會成功的！ 此籤問事業，創新不吉，守舊安泰。問求財，不多，財多則身弱，反而不吉。功名難得，婚姻平平。移居出外，均不吉。 身體或事業要照原路不可變更，運開自然順利。,〔解說〕前途功名，未能得意發展，恐怕是命裏還有交錯坎坷的運氣。家庭不可分兩家，如果分兩家，一定會有損失，必需防備，所以勸你還是退守本份，不必唉聲嘆氣！ 這首籤詩警告當事人，要注意家庭問題，不要顧事業，而忽略了家庭。更不宜金屋藏嬌，以免家庭革命！這是走桃花的預兆，故需慎防美人計！ 問財運，到目前，都不能如願，若有亦是前手來後手空，不宜過份強求，需防破財或劫財。問婚姻或家庭，均不吉。婚談，如無感情，不易成功。婚姻需防有變！問功名，待來年，今年恐怕希望不大。出外做事、移居、職位變動，均不宜妄動。 一日，有位姓吳的持籤來求解，余觀其面相，奸門魚尾部分氣色暗淡，正如籤詩所言，恐有家庭問題。詰問之下，吐露真情，正因金屋藏嬌，為太太發現，大鬧家庭革命，余曰：「此籤教你要退讓，向太太賠罪，取得諒解，否則將有大損失。」但因情難捨，終至身敗名裂！ 雙方面公媽不合，南方公媽較強勢，求公媽和氣化改。,〔解說〕十方佛法無邊，神通廣大，只要你信仰虔誠，即使遭遇大難禍患，結局自亦不同，所謂「吉人天相」，自然逢凶化吉，化險為夷！何況陽光普照之下，又有「貴人」到家裏保佑你呢！ 這首籤，表示你有困難；但只要你能誠敬做事，自然會克服困難而成功。遭遇困難，人人都會有，只看你的毅力跟努力如何，結果當然就不同了！ 問求財，表示先難後易。問功名，能修善，自有神助。問婚姻，有媒可成。問訴訟，先凶後吉。問外出或移居，普普平平。 有某婦人，接國外丈夫來信，言近日中返國，未言明何日，乃抽得此籤來求解，余曰：「明日中午可到！」蓋以「紅日當空常照耀」有「明」「午」之意，「貴人」可做「丈夫」解。翌日中午，其丈夫果然到家。 南方姻親有關，在夏天容易接近，應請神處理。,〔解說〕姜太公到八十歲才成家立業，你何必著急呢？一個人的機會一到，就像那雲開月出，光輝馬上普照天下，大放光明！命中時機若到，自然飛黃騰達，大吉大利。在時機未到前，就暫時隱守在家等候吧，這樣反可以百事順利呢！ 抽到此籤，表示時機未到，必須等待。一個人如果機會不到，硬要強出頭，只有自尋煩惱。像那姜太公雖是一位人才，但到八十歲遇到文王，才真正有表現的機會，你可能也是屬於大器晚成型。 此籤問謀事，目前恐尚不如意，但只要持之以恆，努力充實自己，必有被重用的一天。問求財，財運尚不多。問婚姻，有情人終成眷屬。問出外移居，尚可。 事業慢慢行，身體暫會轉好，有貴人扶助。,〔解說〕要想長江去垂釣，但只見汪洋一片，使人感到前途茫茫，不知何去何從？手拿著釣竿長線，痴痴的等待，只恐怕魚兒與水無緣，不會來了！ 這是一首比喻的籤詩，魚水用來形容君臣之相得，也用來比喻夫妻的相愛。用垂釣，象徵求取名利。所以這首籤詩如果問功名，有懷才不遇之感，還要等候時機，目前恐怕難有被重用的機會。 問財利，目前尚欠理想。問外出，無利可圖。移居，改換環境也許不錯。問婚姻，如果你有中意的對象，就鉤住吧，莫等待，讓魚兒都跑掉了！ 張君年屆不惑，尚未成家，乃往某媽祖廟求籤，抽得此籤。余問：「有無對象？」答：「無。」余曰：「就登報徵婚吧，不垂釣，那來魚兒？」張君照所示登報徵婚。果然不多久，就接到張君請喝喜酒的帖子了。 身體運途暗淡，因果纏身請神明改煞厄。,〔解說〕正如俗語云：「十年寒窗無人問，一舉成名天下知。」錦繡前程，就如月出光輝，四海皆知，人人仰望。那坎坷的過去，就像烏雲般被一掃而光了。此去太平無事，可以不必再憂慮禍患臨身！ 這是一首苦盡甘來的籤詩。有一分耕耘，必有一分收穫。過去對苦難的奮鬥，終得發出勝利的光輝，沒有過去的努力，那來今日的成就？所以，抽到此籤，表示有志者事竟成，天下沒有不勞而獲的事。 問功名，只要自己有實學，必可高枕無憂。不愁沒有職位，只怕你不具有勝任職位的才能。不必東奔西跑，外出，移動，都無利可圖。問財運，小財，有想要發大財，尚須靠機會。 某對男女，好事多磨，婚姻難成。後抽得此籤，喜出望外，果然不久，雙方家長均表示同意，有情人終成眷屬。 南方有好兄弟作祟，五、六月出運。,〔解說〕前途總有命運安排，你只要盡其在我努力奮鬥，不必勞心去求神問卜，那只是多枉費精神。你要解決的事，只要等待「酉」「戌」日過後，就會有消息的。不必再去祈求神明了！ 這首籤詩明白告訴當事人，解決問題，惟有靠自己，光是求神問卜，是解決不了問題的，雞為酉，犬為戌，故關鍵在酉戌日後，即能獲得答案。 此籤表示一動不如一靜，故問外出、移居，均不好。問功名，惟有靠自己多用功，靠運氣或神佑，那是沒有希望的。如果沒有充份的準備，金榜題名的希望不大。問婚姻，要看男女雙方是否有真愛，如果情投意合，可成。 據說從前有人登報尋人，久無音訊，至媽祖廟求得此籤，後果然於戊日尋獲。 本身運途問題，問神未結果，在冬天後較順利。,"〔解說〕詩云：「有花堪折直需折，莫待無花空折枝。」已經評選出來的第一枝牡丹花，美麗動人，勸你不要遲疑，快把握機會折取下來。如果尋問世間知音在何處，大地逢春是時機！一切行樂須及時，莫待春去空惆悵！
這是一首比喻的籤詩，告訴當事人莫錯過了時機。有人說：「製造機會的人，是第一流人才；把握機會的人，是第二流人才；喪失機會的人，是不入流的人才！」希望你抽得此籤時，快把握機會，最少也得做到第二流的人才，不要把機會錯失，成了不入流的人才。
此籤問求財，財運有，但須把握，以免錯過發財機會。外出、移居，動則均有利。營謀做事，要積極主動，不可猶豫不決。問婚姻，天賜良緣，莫遲疑，婚姻可成。","〔解說〕勸你不必為俗事操心，且寬心自由自在的生活。只要家裡平安無事，財運自然源源而來。凡事命裏有時終需有，命裏無時莫強求。
俗語說：「是福不必躲，是禍躲不過。」任何事情，求順其自然最好。此籤即告訴當事人，一切聽從命運安排，不必憂慮操心。
問財利，憑各人財運大小，不要妄求。問功名，且寬心等待，是人才不會讓你永遠埋沒，終有讓你發揮的一天，教你還是待價而沽，不必急於賤賣。問婚姻，平合之良緣，不必操之過急，誠懇與耐心是成功的條件。
某日，有李太太至舍下，出示此籤求解。問何所求，答曰：「飛機失事，欲知丈夫安危？」余曰：「此籤所示，一切平安，不必憂慮。」後其先生果然平安歸來。問何以知？余曰：「籤詩中有『凡事無傷不用求』句，故知之。」","〔解說〕英雄好漢莫提當年勇，此一時，彼一時，不要將現時仍與當年比。就像那老虎，一落到平地裡，英雄無用武之地，連小犬都敢欺負他。世間上的事，有什麼難於決定的呢？就是千山萬水的困難，也不必遲疑，就決定勇往直前吧。
抽到此籤，問求財，應該積極進取，自然財源如「千山萬水」源源而來。但若問功名，此籤有懷才不遇，「虎落平陽」，英雄無用武之地的感嘆。問婚姻，恐阻礙重重，難以談成，宜另找適當的對象。移居、出外，均不吉，如非緊急要事，宜暫緩行動。
有趙某應聘出國，臨行抽得此籤來問吉凶，余曰：「此去恐無甚發展，最好不應聘。」他說機票已訂，乃後天班機，不能變更。後來落魄返國，悔當時未談妥條件，致出國後被剝削，無法反抗也。正應了：「虎落平陽被犬欺」。
運比較弱，身邊小人多，要注意預防，凡事要忍耐。","〔解說〕雪萊西風頌名句：「冬天來了，春天還會遠嗎？」目前雖然是寒冷的冬天，但轉眼間春天一到，枯木逢春，自然生意盎然。但現在，只有在暗中等待機會。你不必太心急，且寬心等待，等到風霜退了，春天自然來到，你仍然有春光明媚的天下！
由剝而復，否極泰來，這是自然的定律，就像那四季的遞嬗，冬去春來，嚴寒的冬霜退後，就是春光明媚的時候。抽到此籤，表示你即使目前遭遇困難，但不必灰心，這正是磨練你的機會，只要你克服了眼前的困難，接著展開的是平坦的康莊大道。
此籤問求財，利雖微薄，仍有。問功名，時機未到，仍需埋頭讀書。問婚姻，成功的機會渺茫，只得暫時等待。至於這椿婚事的好壞，乃先苦後甘之象。移居、出外，暫時一動不如一靜。
等運過後春天到來，就有明媚天下，事業無基礎，身體細心照顧。","〔解說〕事情會慢慢變化，但這個月中還不至有太大變化，然而過了這個月就要防範未然，不可好高騖遠，以免失望。你要改變一下作法，再向前邁進，否則，徒勞無功，白費心機！
此籤在警告當事人要注意盛極必衰的預兆，不能不謹慎你的作法，以確保過去努力的成果。尤其不可因過去稍有成就，即擴張過速，會吃虧的！
民國六十二年，景氣過熱，各工廠紛紛擴張設備，囤積原料，大賺特賺之際，有某工廠老闆持此籤來問吉凶。余曰：「此籤意不贊成你貸款擴張，因為一、二句明顯的告訴你，這種景氣過熱，不久會有變化的。而且你這種貸款做生意的方法，必須要改變一下，不然，將來會因貸款太多而弄得週轉不靈。」該老闆仍然好高騖遠，不重視籤意所示，貸款擴張工廠，終於民國六十四年因銀行緊縮貸款時，陷入週轉不靈而倒閉。
抽到籤，問求財；微利可取，奢望大財，恐白費精神。問功名，成功希望渺茫。問婚姻，恐有變化，難於成功。出外、移居，一動不如一靜，均不宜。
事業不順，壓力大，購屋有人住過，有原有公媽存在。","〔解說〕正是楊柳蒼翠成蔭的時候，你應該把握時機，好好去闖天下，開展你的事業！好好耕種，自然會開花結果，天下沒有不勞而獲。積善之家必有餘慶，好好播種心田，福祿自然滿家門！
這是一首有大收穫的吉籤。但天下沒有不勞而獲的事，要收穫，必需先耕種。只要你勤耕耘，必得大豐收。
問事業，抽到此籤，只要你埋頭幹，必能完成大業。此籤具有蓄財（花果結實）繁榮（綠柳蒼蒼）等吉象，應好自把握之。問功名，有金榜提名之兆。外出移居，均大吉。
有徐姓青年，聽聞余善解籤，亦至媽祖廟抽得此籤來余處求解。余問求籤為何？該青年謂擬單槍匹馬赴歐洲應聘。余曰：「可行，將來必有成就。」二年後，該青年返國至余處道謝，並問何以得知該行必有成就。余曰：「籤詩明示『任君此去作乾坤』故知之。」該青年甚讚籤詩靈驗，並對余善解籤意，表示信服。
婚姻有所變掛。","〔解說〕龍爭虎鬥，終便兩敗俱傷。事情的發生，常常是互相連關的。俗云：「運氣來時，鐵變黃金；運氣去時，黃金變鐵。」一切事應以和為貴，命裡無時莫強求。自求多福，當以和為貴，如果勾心鬥角不肯讓人，求神仙也是不會有用的。
此籤告誡當事人，處事對人，要以和為貴，不可意氣用事，與人相爭，那樣做是沒有好處的。尤其是訴訟打官司，更要避免。古語云：「訟則凶。」應記取此教訓。曾有某人涉及傷害案件，至媽祖廟抽得此籤來問吉凶，余曰：「此籤神明示意，和解為貴，如果雙方再意氣用事，官司打下去，雙方都得不到好處。」原來該當事人借錢給對方，對方不還錢，該當事人一氣之下將對方打傷。後來言明返還借款一半，不再追究傷害，撤回告訴，一場風暴也就平息了。
問求財，門市生意有利，外出則無利可圖。問功名，成績差，需再充實自己。移居外出，均不得時，最好能商討後再決定。
龍為辰，虎為寅，故此籤龍虎相交，又可解為寅辰相交的月份或日子。曾有一人某年底持籤來問一筆買賣可成否。余曰：「照此籤意，需到明年正月（寅）至三月（辰）間才有可能。」後果然。
兩邊公媽不和氣，兩敗俱傷，應處理並注意行車安全。","〔解說〕要去外鄉，須經過水茫茫無際的長江，揚起帆來，卻無風助行。還是安守家裡用心經營，也許後福不錯，會遇到如魚得水的好機會哩！
抽到此籤，表示一動不如一靜。尤其外出旅行，阻礙多，不達目的，應予終止此行計劃。萬事宜採取退守之方針，言行嚴謹，處處謹慎，以為獲得安泰之計。
問財運，總會有，但不宜操之過急。門市生意比較好，出外經營則難獲如意。問功名，恐須第二次再接再勵才有希望。問婚姻，不易成功。然如以熱情有恆地週旋下去，或有希望。如無愛情宜早日另找對象。
某僑胞來臺尋親，久無音訊，正失望回僑居地，有人勸至媽祖廟問卜，抽得此籤。余曰：「有希望，因籤詩中有『得相逢』句，惟須再『用心』一番」。後來得某報記者發佈尋親消息，竟然獲得相逢。
身體有問題注意治療，事業要努力，注意方向目標。","〔解說〕走過危險的高山，此去已經是平坦的康莊大道，別嫌這條道路太遠，慢慢的總會到達目的地。看看那蘭桂，也是慢慢成長開花，只要有恆心，蛇有修成龍的一天！
此籤告訴當事人，有恆為成功之本，不要怕困難，不要嫌費力，尤其不可半途而廢，那是永遠沒有成功的希望。俗語云：「天下無難事，只怕有心人。」
抽到此籤，表示經過長久的艱辛萬苦，開始解運而邁向順利之大道，應把握良機，積極進取。向南方推進有利。問功名，這次成績不理想，繼續努力下次可獲良好表現。問求職，暫時無法獲得理想職位，但熱誠奔跑，可獲成功。問婚姻，最初難免發生種種阻撓，但畢竟是良緣，成功與否，全靠熱誠與努力。
呆運時將要過去，八月後一切順利。","〔解說〕這件事情不必再用心機了，未來的變化，自然會知道的。看以後情形，當有和合的一天。從現在開始，已經轉機，會漸漸脫去厄運，而看見太平的時光！
這道籤詩乃告示當事人所煩惱的事情，已有轉機了，未來的變化是漸漸變好，不必再憂慮了。抽到此籤，如問婚姻，表示不用著急，有恆的推進，就可得到成功，是逐漸發展而得的幸福良緣。
此籤問求財，不能十分理想，也有六七分以上希望。問功名，有高中的吉象，訴訟官司，有獲勝的希望，如受冤枉，亦有平反機會。
曾有某因牽連搶劫案，其實係被誤認冤枉，其家人甚擔憂，至媽祖廟抽得此籤，余曰：「此籤最後一句有『漸漸脫出見太平』，應該會被獲判無罪而被釋放！」後來果然因抓到真正犯人而被釋。
有一位倒房男陰在作祟。","〔解說〕你的福祿像東海那麼大，你的壽命像南山那麼高，有這樣福壽雙全的命，還嘆什麼苦難呢！既然命裡已有，自然大吉大利，只要祈禱就獲得平安！
這是一首很幸運的籤詩。表示福壽都有，就該知足，所謂「知足常樂」，如果你還有煩惱，那就是自尋的了！
此籤除了表示功名遂福祿全外，如問訴訟，表示得直，如問生病，可以痊癒，如問婚姻，表示美滿。不過，這一首籤詩，如問創新事業，或外出經營，則有考慮的必要。因為全籤的意思，要你知足常樂，不必再去自尋勞苦。
曾有某一退休人員，家境富裕，但因無工作不好打發時間，乃與友人合夥經營餐廳，事前抽得此籤，以其吉籤而未多考慮。後來被合夥騙去巨款，後悔莫急。
做事不要太過急，貴人明顯。","〔解說〕人遇到得意的好運氣，身價也隨著變化。福至心靈，你身所從事的事，都會是有益的事情。前途一向無難事，只要你有決斷，自然事事順利。
這首籤詩表示你將有好運氣來臨。所以不要猶豫不決，應該當機立斷；從事你認為應當做的事，決不會錯。此籤問財運，雖無十分，也有六七分。俗云：「大富由天，小富由儉。」只要努力工作，自有財利可求。問婚姻，只要不三心兩意，有情人終得眷屬。問功名，此次成績也許不理想，只要再努力，多加充實，下一次一定有希望。外出移居，平正可行。
某作家窮極潦倒，一日，赴南部尋友未果，偶經媽祖廟，抽得此籤。未多久，獲得某出版社賞識，出版其著作，竟然一時洛陽紙貴，頗為風行，正應了：「運逢得意身顯變。」
運未到，如到時貴人就到，公媽戲弄良家婦女，無娶入門無依靠，作事不要三心兩意有決心。","〔解說〕堅守中正立場，不偏不倚，名位自然顯。不需向神明祈求，心裡自然安祥。看自那早晚太陽的升沉，就會領悟到，惟有堅守中間立場，才能即時得意起來。
此籤原意，乃告訴當事人，處世做人不宜太偏激，應該採取中庸的態度，這樣，才能獲得心安理得，人家也自然會敬重起來。
抽到此籤，問求財，宜守舊，不可貪求。心中存著正直，自然無憂。問謀事，雖然成功的希望，但時間上恐久延。談婚姻，在時間上也是比較遲延。問訴訟，則是以和解為宜。問疾病，目前尚無法痊癒，尚需待一段時間。
友人張君，報名參加高考，不知能否高中，乃赴媽祖廟抽得此籤。後高中金榜，分發經濟部服務。經濟部屬中央級機關，正應了「名顯有意在中央」句，真妙哉！
求公媽指點幫忙保佑，作事慢，公媽早晚多參拜，求一切順利。","〔解說〕你意中如果想尋求神仙的道路，我勸你還是不要妄想，且退一步看看那高樓吧！（好高騖遠，終究一事無成。）還是寬心安份守己，寬心等待一下機會，一定會有貴人來幫助你的。
抽到此籤，表示運氣還不是很理想，不宜挺進，宜退守以等待時運之解通。不要想一步登天，做任何事，要量力而為，自然會有貴人來提拔你。
此籤表示一動不如一靜，故出外移居，必須從新考慮。問求財，份外的要求無法達成。問功名，只是虛名，必需再充實自己，才能名實相符。問訴訟，與人爭執不利，官司和解為貴。問謀事，有長輩或貴人提拔，宜多聽取或尊重他人之意見。問婚姻，不必心急，有緣自然結成夫婦，不可強求。
諸事八九月轉運，婚姻成好，但要努力去追求。","〔解說〕古云：「生死由命，富貴在天。」平生只要有富貴之命，一定有祿可求，也一定能光耀門楣。家和萬事成，只要夫妻能夠百年和合，夫唱婦隨，一定不會有什麼損失的。
某君因其妻未生男，欲納偏房，乃至媽祖廟求卜，得此籤，一見「夫妻百歲喜相隨」，乃作罷，家庭因而免於破裂，其後竟得一男，正應了「此中必定無損失」句。
此籤問求財，乃得順利達目地。問功名，有金榜題名的吉兆。
李君參加特種考試，夜夢乘金龍上天，不佑主何吉凶，乃赴廟求籤，得此籤，果高中金榜，正應了前二句「平生富貴成祿位，君家門戶定生輝」。
此籤問婚姻，乃和好順利與幸福之良緣。問謀事，則需下一番功夫。問訴訟，以和為貴。
夫妻失落一位，想要招伴，請失落夫妻原諒放去吧，如雙頭夫妻全部失落者就沒有問題。","〔解說〕多年來辛苦經營的剛有了成果，但又有人求讓，實在不好推遲，心裡矛盾，借酒消愁，還是難取捨。其實，就有好消息了，所謂「有緣千里來相會」，何必猶豫不決呢？
這是一首告訴當事人不要猶豫的籤詩，做任何事都該當機立斷。只要你能當機立斷，總會有好消息的。
此籤問求財，平和而已。問功名，有金榜提名之兆。曾有某君赴考，抽得此籤，余曰：「此籤指示八九月間會有好消息。」雞為酉，即八月，犬為戌，即九月。後果然高考及格。
又有一對男女抽得此籤來問婚姻，余曰：「此籤指示婚姻可成，因最後一句『婚姻夙世結成雙』，不是很明顯嗎？」後果結成美滿幸福之良緣。
前世因果，作事平平，要節儉成家。","〔解說〕這件事恐怕很難很難，有重重的阻礙，不是輕易可以衝破的。正是過了一重江水，又有一重山，此去道路崎嶇不平，實在難走。任你有辦法改變，也不能挽救，是非終究要發生。
抽到此籤，表示氣運閉塞不通，艱難困苦重重，進退維谷。此時應堅定立場，確守正道，容忍自重，以等待時運的解通。
此籤問求財，毛病百出，終致虧失，暫時罷手以待有利時機。問功名，遇到難題，尚須充實自己。問婚姻，阻礙重重，如無真正愛情，及早另找對象。問訴訟，嚴重的麻煩，且拖延時間，罷手為妙。問疾病，嚴重危險，用心治療或有奇蹟。
運到八月明年春運到一切順利。","〔解說〕做事要從容不迫，要果斷，莫遲疑，過去一年，你做事太心急，現在應該寬心，不要再遲疑了！你會有貴人來幫助你的，不過，目前還在千里外。你所希望的消息，大概在月中會慢慢知道。
此籤乃明示當事人，做事太魯莽，或太猶豫，都是『過』與『不及』，應該避免的，才不會招致失敗。過去的讓它過去吧，現在起好好從容不迫，並且勇敢果斷地去決定吧。也許過去因為沒有貴人幫助，做事不盡理想，雖然目前仍然沒有貴人，但靠自己努力，總會有好消息來的。
問求財，目前尚欠理想，但將來很有財利。問功名，尚須充實自己，才有希望。問婚姻，只要努力，終會成功。
曾有人抽到此籤，問尋人，余曰：「月中旬有信息。」後果然。乃應第四句「音信月中漸漸知」。
運途深，做事難成，病體拖尾。","〔解說〕客人來了，未來的發展，利益多多，你們為什麼要互相猜疑呢？雖然是進退維谷的時候，也不必灰心，雲開月出的時機馬上到來。
抽得此籤，乃先凶後吉，先難後易之兆。問求財，目前浮沉不定，但未來利潤大有可觀。問功名，此科無望，後科得中。問婚姻，阻礙打開，有情人終得眷屬，不要灰心。問訴訟，雖然冤枉，終得平反。
曾有某僑生，欲回僑居地，因簽證發生問題，進退維谷。抽得此籤，余曰：「月中旬可行。」後果然月中半過後，即獲解決，正應了第三四句籤詩。
此籤問謀事，雖有困難，如能克服，終得成功。而多於月中有轉運跡象。
運途深四方有女人在作祟，或來世夫妻纏身，求財春好，病人春出運。","〔解說〕你的運氣真好，正像盛開的花朵，現在已結成果實，是收穫的季節了，相信你到老都可以享受到榮華富貴。只要你待人真誠，君子小人你都可以跟他會合，萬事清吉順利，不必煩惱。
此籤告訴當事人，過去的努力終於有成果了。一分耕耘，一分收穫。過去雖很辛勞，但現在你可以嘗到甜美的果實了。
此籤問求財，要看你過去，要看你過去的勤勞程度，過去越勤勞，目前獲利越多。如果過去不肯多費功夫，目前就沒有財利可言。問功名也是一樣，看你用功的程度，而決定你的成就。問婚姻，和好幸福的姻緣，婚談可談。
父子相沖，老人七八月要小心。",〔解說〕好好用功充實自己，功名自然會得，而且會使你名顯天下，平步青雲，前途富貴可期。就像那十五圓的一輪明月，普照天下，到處光明。這是一首很幸運的籤詩，表示當事人目前的運氣，正邁入旺盛的境地。但須防盛極而衰，月圓而缺。尤其本籤詩有滿招損的預兆。有某建設公司連做數筆賺錢生意，業務蒸蒸日上，該主持人乃雄心大發，計劃蓋一棟十層大樓出售。事前抽得此籤，以為吉兆。未料，事後卻因經濟危機，而大虧其本。蓋以「十五團圓照滿天」，實有「滿招損」的暗示，籤意未明顯耳！此籤問功名，只要有實力，必有成功的希望。問婚姻，是白頭偕老的佳兆。家中公祖有問題求公祖才能順利。,〔解說〕你何必去求卜問神呢？只要你心中光明，自然有益。你所擔心的事，要等到月中才有轉機，才有逢凶化吉的希望，現在，盡其在我去做就是了。一個人只要問心無愧的去做事，不必求神佛，神佛也會暗中保佑你，自然會逢凶化吉，所謂吉人自有天相。本籤詩一開頭，要當事人先修心，自然有益，就是這個道理。抽到此籤，問財利，只要認真經營，必可獲利。問功名，此次若未能得中，再接再勵，下次一定有希望。問婚姻，過了月半以後，繼續努力，有情人終成眷屬。問訴訟，也是要拖一段時間，才能逢凶化吉。移居出外，安好可行。某月初，有一訴訟當事人，持籤來問，謂因工廠司機肇禍，賠償問題未能解決，不知吉凶如何？余曰：「照此籤所示，月中應能解決。」後果然於月中達成協議，以十萬元和解。蓋籤中有「于今且看月中旬，凶事脫出化成吉」句，故作此判斷。諸事求神保護才能逢凶化吉，做事要問心無愧。,〔解說〕因為你做事太有個性，不能夠與人和合同流，所以迄今沒有騰達的機會，就像那明月被烏雲遮住而無光。你心裡雖想向前邁進，只是怕你的運氣還不是亨通的時候！有才幹的人，通常多自負，眼高而手低，因此都有懷才不遇的遭遇。這首籤詩正告訴當事人，不要過於自負。潔身自愛，固然應該，但如矯枉過正，自鳴清高，往往變成好高騖遠，理想過高，以至於遲遲未能成功或終至失敗。除非你改變以往的作風，否則恐怕此去的運氣還是照樣不通順。此籤問謀事求財，須能吃苦耐勞，否則無利難成。問功名，尚不能如願，多充實自己。問婚姻，不是理想的對象，婚談不易成功。問訴訟，不可進行。墓地公祖向西失落元（脈）（男人）應速處理。,〔解說〕雖然意見很多，不可以隨便聽從。因為風雲不動，龍是無法昇天的。必須等待風雲際會，就可一飛上天。你在暗中既已發現明處的消息，就自己決定何去何從，何必一再的問神呢！這首籤詩告訴當事人，做事情自己應該要有主見，不要聽從人家說那樣就那樣做，人多口雜，最後竟無所適從。不必問人，也不必問神，做事情要靠自己權衡利害得失，然後自己下決定，這樣才會有成就。此籤問經營求財，要自己做才有利，合夥是不歡而散，而且無利可圖。問功名，自己若無主張，何能取得功名，需先充實自己。問婚姻，能夠合者，將成美滿幸福之良緣。北方染到女魂須速處理。,〔解說〕既然在佛祖面前山盟海誓，表示絕不變心，那麼，此去一定會有好消息傳來的。俗云：「運來鐵變金，運去金變鐵。」所以不必灰心，認為這東西一定不值錢了，說不定運氣來了，鐵也能變成金呢！此籤告訴當事人，所求無法立刻實現，要有恆心，繼續努力就能成功。抽到此籤，要堅定立場，等待有利時機的到來，即運氣逐漸轉佳，終究能完成大志大業的雄心抱負。貪圖目前的小利，即必然招至失敗。問婚姻，需忍耐接觸與誠實待之，必有所獲。起初雖有阻礙與煩惱，只要有恆心，一直努力下去必有好結果。問功名，目前不如意，加緊用功吧！六十三年股票大跌，有「靈籤解說」讀者求得此籤來問是否賣掉。余曰：「此籤不贊成現在賣出，你不看籤詩中明言『前途得好音』嗎？一隔一年，股票由賤價又復漲，該讀者感謝媽祖靈籤指示及籤的解說，特打金牌兩面，供獻媽祖及我做紀念。當時南亞跌至七十元左右，後來又回復到近三百元，真是：『此物原來本是鐵，也能變化得成金。』」老人身體到冬天不利要注意照顧，事業到冬有利。,〔解說〕你今年外出無利可圖，東西南北沒有一個方向你可去得，還是安份守在家裡比較妥當。我勸你一動不如一靜，定下心來，不要煩惱，安守家門自可保平安。抽到此籤，表示不輕舉妄動，即得安泰。如粗心妄動，即破運而招至不利與災害，陷於勞苦之深淵。此籤還表示，不可急進，退守為佳。雖理宜，亦有被陷是非之地；雖富謀略，亦恐招致不利。此籤問經商求財，在家有利，外出不吉。出外旅行，需特別注意，最好停只此行。問婚姻，平安之良緣，誠懇、耐心與努力是成功的必要條件。問功名，運氣未到，恐不理想。問訴訟，以和為貴。神明或公媽不能安寧，速問神明處理，做事不急。,〔解說〕俗云：「謀事在人，成事在天。」功名事業的成敗，本來運氣佔了大半，所以你只要盡其在我，做了最大的努力，是不必在擔心的，應該聽天由命。若問其中遲速，相信風雲際會的時機，就在眼前不遠了！這首籤詩告訴當事人，功名事業的成功，完全看人平日的努力，所謂一分耕耘一分收穫。如果平時不燒香，臨時抱佛腳，那就永遠沒有成功的希望。只要你下了功夫，就會有成果的，不必在心裏擔憂！此籤問求財，目前尚欠理想，但只要辛勤，不久就會有的。問功名，多用功，多充實自己，機會就快來了。問婚姻，緣份不夠，不易成功，宜另找對象。做事業及身體應多注意，變化很快。,〔解說〕看你來問心裡所想的事，不知吉凶如何？我來告訴你，積善之家必有餘慶，因為你心田良好，所以會有好果報。運氣來時，求財得財，求子得子，財子雙雙來到，相信指日間，喜氣將洋溢你家門。抽得此籤，正是好預兆。目下雖然未得亨通，但不必掛心，只要仍然一心向善，正是：「積善之家，必有餘慶。」好運氣馬上到來。此籤問財利，目前雖不是很理想，但不久，財源即滾滾而來，目下雖未得際遇，只要多充實自己，機會多的是。問婚姻，是美滿幸福之良緣，指日可喝到喜酒了。問訴訟，能和解最好，不過，只要你合乎情理法，不必憂慮。,〔解說〕在漆黑的夜晚上，寂莫的對著一盞孤燈，心裡祈望著萬事清吉萬事成功。如果暗中有過行善的因果，平日又常燒香敬重神明，那麼，你就能獲得神明的助力，完成你的願望。此籤明示當事人，要想結什麼樣的果，必須先怎樣的栽。所謂：「種豆得豆，種瓜得瓜。」如果平日不行善，平日不燒香，臨時抱佛腳又有什麼用呢？平時不努力，而想萬事成功，乃就成了空思夢想。問財利，此籤告訴你只要辛勤作事，必能獲利。如果坐等不勞而獲，那會失望的。問功名，平時不燒香，難有成績。問謀事，有困難，必須毅力與恆心。出外可行，官司以和解為貴。婚外未婚子女在作祟，向神明指點速處理。,〔解說〕俗云：「識時務者為俊傑，知進退為英雄。」總之，虛言不實，成事不足，敗事有餘，看看那暗然無光，未必能成全的事吧！就像那深藏的珠玉，還未有變化時，就患得患失，那是徒枉費心機。此籤告訴當事人，做任何事情，都不可能有十全十美的事。一個人作事，不必患得患失，而且必須識時務知進退才行。你只要有真才實學，就像那深藏的珠玉，不會永遠被埋沒的。問求財，目前仍不理想，所謂「前手接錢後手空」的情況。問功名，時運未到，必需再等待，但總會有機會的，只要你有才能。問婚姻，沒有緣份的婚事是不容易談成功，還是另求他緣為妙。問訴訟，會拖延時間。外出移居，不是時後，不動為宜。運途深求利薄，運途暗。,"〔解說〕人在病中，若還要苦心操勞，那多痛苦。其實，要找完全合乎理想的，本來就未有人遭遇過。事情過了就算，不必在回頭追問它，心中有事盡量打消它吧！

這首籤詩，主要安慰當事人盡量把心放寬，注意身體健康。俗云：「留得青山在，不怕沒柴燒。」即使事情做失敗了，也不必患得患失，盡把它掛在心上，也於事無補，於己有損，何苦來哉。

此籤問求財，表示財運未到，再操心也沒有用，就順其自然吧。問功名，成績差，希望不大。問婚姻，恐不易成功。

曾有某小姐，因男友出國未返，抽得此籤來求解。余曰：「此籤凶多吉少，貴男友恐怕已變心了。因籤中有『去後不需回頭問』句，恐怕他已把妳忘掉了！」後果然。

運途身體欠安找醫生，求財諸事不好，婚姻不可勉強，如堅持結合，後不堪設想。","〔解說〕勸你把心定下來，莫在虛慌。時運得安，前途清吉，可以說這其中並無什麼大事會發生，又有神明守護著，大可安居樂業。

這首籤詩，告訴當事人先定下心來，不必慌慌張張，才能從容把事做好。同時安慰當事人，運氣安泰，不必擔憂，大可安心作事。

此籤問求財，小錢可獲得，大錢就不易成功。問功名，成績恐不理想，但再用功，下次有希望。問婚姻，立定主意，下次可談成。問作事，以誠實態度，可以達成目的地。問訴訟，和解為宜。外出移居，均吉。

曾有某人擔憂國際局勢變化，欲舉家移居國外，至媽祖廟抽得此籤。至余處求解。余曰：「籤詩明白告訴你，叫你定下心來，你不看籤詩上明明兩個『安』字嗎？聖母叫你，安，安，不必心慌。」其實，此地一切安好，乃是大家有目共睹。

小人多生意不可合夥會受騙。","〔解說〕蛇身要想變成龍身，只恐命裡運氣未通，那是不可能達到的。病久虛弱的身體，還是寬心地等待，不要自不量力。雖然意見很多，還是不要去聽從。

此籤告訴當事人，運氣停滯未通，做事阻礙多，萬事不如意。不要悲觀自暴自棄而墮落，忍耐奮鬥以等待有利機會的到來。

問求財，小錢有，大錢還是不能獲得。問功名，成績欠理想，難達成願望。問婚姻，障礙多，不易成功。如果強求，反而得不到美好姻緣。問訴訟，恐拖延時間，而且勝敗反覆。出外移居，一動不如一靜，均不吉。

一日，有一人持此籤來問，謂朋友勸其接受某工廠的經營，不知可否？余曰：「此籤不吉，最後一句有『不可從』的指示。」後來該工廠糾紛迭起，終於倒閉。

人運途深在冬不順。","〔解說〕你既然有心為善作福，就不要遲疑不決，趕緊去做，這時正是求取名聲的時候。相信這事一定能做的很適合，財利自然會喜隨你而來。

這首籤詩明示，一個人只要有心向善，自然天必佑之。此籤問求財，只要取之有道，財利自可成功。問訴訟，以和為貴。問外出移居，平安可行。

曾有一對男女，熱戀甚久，因雙方家長反對未能結合，乃至媽祖廟祈卜，抽得此籤，求余解釋。余曰：「再積極爭取，有情人終成眷屬。」後，雙方家長因受兒女用情專一感動，不得不允，終答應締結婚姻。蓋籤詩上有「此事必能成會合」句，故知決心進行，必可成也。","〔解說〕月亮一出來，光輝本來很皎潔，只是浮雲一遮，總使那明月失色。你該在家裡用心為善作福。當官要事理分，自然會有益處。

此籤告訴當事人，人生不如意十之八九，就像那光明的月亮，偶而也有被烏雲遮住光芒的時候。但不必因光芒被遮，就感到不平，更應該勤修其德，當那烏雲退去時，再度露出的光，將更明亮，更美麗動人！

問求財，只要辛勤工作，財利沒有問題。問功名，須再用心充實自己，自然有成功的希望。問謀事，只要積極努力，必能有成。問婚姻，有烏雲遮月的暗示，該婚事不吉利。出外旅行，必須小心謹慎，最好打消此行計劃。

地方好兄弟近身求神明處理。"